{
    "dataMonth" : "The data is from Month of July",
    "heatmap" : [
        {
            "timestamp": "01-07-2024",
            "intensity": 892
        },
        {
            "timestamp": "02-07-2024",
            "intensity": 73
        },
        {
            "timestamp": "03-07-2024",
            "intensity": 419
        },
        {
            "timestamp": "04-07-2024",
            "intensity": 290
        },
        {
            "timestamp": "05-07-2024",
            "intensity": 341
        },
        {
            "timestamp": "06-07-2024",
            "intensity": 139
        },
        {
            "timestamp": "07-07-2024",
            "intensity": 229
        },
        {
            "timestamp": "08-07-2024",
            "intensity": 863
        },
        {
            "timestamp": "09-07-2024",
            "intensity": 129
        },
        {
            "timestamp": "10-07-2024",
            "intensity": 189
        },
        {
            "timestamp": "11-07-2024",
            "intensity": 662
        },
        {
            "timestamp": "12-07-2024",
            "intensity": 701
        },
        {
            "timestamp": "13-07-2024",
            "intensity": 671
        },
        {
            "timestamp": "14-07-2024",
            "intensity": 999
        },
        {
            "timestamp": "15-07-2024",
            "intensity": 489
        },
        {
            "timestamp": "16-07-2024",
            "intensity": 99
        },
        {
            "timestamp": "17-07-2024",
            "intensity": 114
        },
        {
            "timestamp": "18-07-2024",
            "intensity": 214
        },
        {
            "timestamp": "19-07-2024",
            "intensity": 312
        },
        {
            "timestamp": "20-07-2024",
            "intensity": 534
        },
        {
            "timestamp": "21-07-2024",
            "intensity": 900
        },
        {
            "timestamp": "22-07-2024",
            "intensity": 32
        },
        {
            "timestamp": "23-07-2024",
            "intensity": 333
        },
        {
            "timestamp": "24-07-2024",
            "intensity": 67
        },
        {
            "timestamp": "25-07-2024",
            "intensity": 735
        },
        {
            "timestamp": "26-07-2024",
            "intensity": 392
        },
        {
            "timestamp": "27-07-2024",
            "intensity": 92
        },
        {
            "timestamp": "28-07-2024",
            "intensity": 192
        }
    ]
}